Week,Team,Player,Score,Position
1,Elaf,Joe Burrow CIN (QB),4,QB
1,Zeus,Kyler Murray ARI (QB),14,QB
1,Elaf,Isiah Pacheco KC (RB),13,RB1
1,Zeus,Saquon Barkley PHI (RB),32,RB1
1,Elaf,D'Andre Swift CHI (RB),5,RB2
1,Zeus,Joe Mixon HOU (RB),22,RB2
1,Elaf,Amon-Ra St. Brown DET (WR),1,WR1
1,Zeus,Jaylen Waddle MIA (WR),10,WR1
1,Elaf,Kyle Pitts ATL (TE),9,WR2
1,Zeus,DK Metcalf SEA (WR),2,WR2
1,Elaf,Jacksonville Jaguars JAX (DEF),6,DEF
1,Zeus,Indianapolis Colts IND (DEF),8,DEF
1,Elaf,Ka'imi Fairbairn HOU (K),18,K
1,Zeus,Jason Sanders MIA (K),15,K
1,Elaf,Jerome Ford CLE (RB),12,Flex
1,Zeus,Alvin Kamara NO (RB),16,Flex
1,Marco,Justin Herbert LAC (QB),10,QB
1,Monaf,Anthony Richardson IND (QB),40,QB
1,Marco,James Conner ARI (RB),17,RB1
1,Monaf,Bijan Robinson ATL (RB),10,RB1
1,Marco,Najee Harris PIT (RB),7,RB2
1,Monaf,James Cook BUF (RB),10,RB2
1,Marco,Ja'Marr Chase CIN (WR),6,WR1
1,Monaf,Marvin Harrison ARI (WR),0,WR1
1,Marco,Garrett Wilson NYJ (WR),6,WR2
1,Monaf,Brandon Aiyuk SF (WR),2,WR2
1,Marco,Dallas Cowboys DAL (DEF),30,DEF
1,Monaf,Chicago Bears CHI (DEF),33,DEF
1,Marco,Brandon Aubrey DAL (K),18,K
1,Monaf,Will Reichard MIN (K),0,K
1,Marco,Puka Nacua LAR (WR),3,Flex
1,Monaf,David Montgomery DET (RB),15,Flex
1,Doy,Kirk Cousins ATL (QB),6,QB
1,Jay,Jordan Love GB (QB),27,QB
1,Doy,Breece Hall NYJ (RB),14,RB1
1,Jay,Josh Jacobs GB (RB),10,RB1
1,Doy,Kenneth Walker SEA (RB),18,RB2
1,Jay,Rhamondre Stevenson NE (RB),18,RB2
1,Doy,Davante Adams LV (WR),5,WR1
1,Jay,CeeDee Lamb DAL (WR),6,WR1
1,Doy,Deebo Samuel SF (WR),13,WR2
1,Jay,Chris Olave NO (WR),1,WR2
1,Doy,Pittsburgh Steelers PIT (DEF),13,DEF
1,Jay,Atlanta Falcons ATL (DEF),7,DEF
1,Doy,Tyler Bass BUF (K),3,K
1,Jay,Jake Elliott PHI (K),4,K
1,Doy,Amari Cooper CLE (WR),1,Flex
1,Jay,Zay Flowers BAL (WR),4,Flex
1,Julio,Jalen Hurts PHI (QB),29,QB
1,Ivo,Dak Prescott DAL (QB),11,QB
1,Julio,Jonathan Taylor IND (RB),10,RB1
1,Ivo,Travis Etienne JAX (RB),11,RB1
1,Julio,Rachaad White TB (RB),10,RB2
1,Ivo,De'Von Achane MIA (RB),15,RB2
1,Julio,Mike Evans TB (WR),19,WR1
1,Ivo,Nico Collins HOU (WR),11,WR1
1,Julio,DeVonta Smith PHI (WR),8,WR2
1,Ivo,Christian Kirk JAX (WR),3,WR2
1,Julio,Cleveland Browns CLE (DEF),6,DEF
1,Ivo,New York Jets NYJ (DEF),6,DEF
1,Julio,Evan McPherson CIN (K),6,K
1,Ivo,Jake Moody SF (K),22,K
1,Julio,George Pickens PIT (WR),8,Flex
1,Ivo,George Kittle SF (TE),4,Flex
1,Kenny,C.J. Stroud HOU (QB),22,QB
1,Gaybo,Patrick Mahomes KC (QB),17,QB
1,Kenny,Kyren Williams LAR (RB),11,RB1
1,Gaybo,Jordan Mason SF (RB),20,RB1
1,Kenny,Tony Pollard TEN (RB),17,RB2
1,Gaybo,Raheem Mostert MIA (RB),1,RB2
1,Kenny,Tyreek Hill MIA (WR),27,WR1
1,Gaybo,Travis Kelce KC (TE),3,WR1
1,Kenny,DJ Moore CHI (WR),4,WR2
1,Gaybo,Stefon Diggs HOU (WR),15,WR2
1,Kenny,San Francisco 49ers SF (DEF),8,DEF
1,Gaybo,Miami Dolphins MIA (DEF),9,DEF
1,Kenny,Cameron Dicker LAC (K),8,K
1,Gaybo,Justin Tucker BAL (K),0,K
1,Kenny,Tank Dell HOU (WR),5,Flex
1,Gaybo,Michael Pittman IND (WR),9,Flex
1,ATL,Lamar Jackson BAL (QB),32,QB
1,Greg,Josh Allen BUF (QB),38,QB
1,ATL,Jahmyr Gibbs DET (RB),13,RB1
1,Greg,Derrick Henry BAL (RB),10,RB1
1,ATL,Aaron Jones MIN (RB),16,RB2
1,Greg,Javonte Williams DEN (RB),2,RB2
1,ATL,A.J. Brown PHI (WR),23,WR1
1,Greg,Justin Jefferson MIN (WR),11,WR1
1,ATL,Drake London ATL (WR),1,WR2
1,Greg,Cooper Kupp LAR (WR),18,WR2
1,ATL,Houston Texans HOU (DEF),7,DEF
1,Greg,Seattle Seahawks SEA (DEF),13,DEF
1,ATL,Jason Myers SEA (K),7,K
1,Greg,Greg Zuerlein NYJ (K),0,K
1,ATL,Calvin Ridley TEN (WR),5,Flex
1,Greg,Malik Nabers NYG (WR),6,Flex
2,ATL,Lamar Jackson BAL (QB),15,QB
2,Zeus,Kyler Murray ARI (QB),42,QB
2,ATL,Jahmyr Gibbs DET (RB),11,RB1
2,Zeus,Saquon Barkley PHI (RB),14,RB1
2,ATL,J.K. Dobbins LAC (RB),23,RB2
2,Zeus,Joe Mixon HOU (RB),4,RB2
2,ATL,Drake London ATL (WR),11,WR1
2,Zeus,Jaylen Waddle MIA (WR),4,WR1
2,ATL,Calvin Ridley TEN (WR),25,WR2
2,Zeus,DK Metcalf SEA (WR),23,WR2
2,ATL,Houston Texans HOU (DEF),20,DEF
2,Zeus,Indianapolis Colts IND (DEF),3,DEF
2,ATL,Jason Myers SEA (K),9,K
2,Zeus,Younghoe Koo ATL (K),7,K
2,ATL,Aaron Jones MIN (RB),6,Flex
2,Zeus,Alvin Kamara NO (RB),47,Flex
2,Doy,Kirk Cousins ATL (QB),25,QB
2,Ivo,Dak Prescott DAL (QB),20,QB
2,Doy,Breece Hall NYJ (RB),19,RB1
2,Ivo,Travis Etienne JAX (RB),11,RB1
2,Doy,Zach Charbonnet SEA (RB),12,RB2
2,Ivo,De'Von Achane MIA (RB),21,RB2
2,Doy,Deebo Samuel SF (WR),11,WR1
2,Ivo,Nico Collins HOU (WR),21,WR1
2,Doy,Davante Adams LV (WR),17,WR2
2,Ivo,Brandin Cooks DAL (WR),1,WR2
2,Doy,Pittsburgh Steelers PIT (DEF),13,DEF
2,Ivo,New York Jets NYJ (DEF),8,DEF
2,Doy,Tyler Bass BUF (K),3,K
2,Ivo,Jake Moody SF (K),3,K
2,Doy,Amari Cooper CLE (WR),1,Flex
2,Ivo,George Kittle SF (TE),13,Flex
2,Julio,Jalen Hurts PHI (QB),20,QB
2,Greg,Josh Allen BUF (QB),10,QB
2,Julio,Jonathan Taylor IND (RB),13,RB1
2,Greg,Derrick Henry BAL (RB),15,RB1
2,Julio,Rachaad White TB (RB),1,RB2
2,Greg,Devin Singletary NYG (RB),15,RB2
2,Julio,Mike Evans TB (WR),4,WR1
2,Greg,Justin Jefferson MIN (WR),28,WR1
2,Julio,DeVonta Smith PHI (WR),13,WR2
2,Greg,Cooper Kupp LAR (WR),3,WR2
2,Julio,Baltimore Ravens BAL (DEF),13,DEF
2,Greg,Seattle Seahawks SEA (DEF),6,DEF
2,Julio,Evan McPherson CIN (K),13,K
2,Greg,Greg Zuerlein NYJ (K),3,K
2,Julio,George Pickens PIT (WR),2,Flex
2,Greg,Malik Nabers NYG (WR),18,Flex
2,Marco,Justin Herbert LAC (QB),15,QB
2,Gaybo,Patrick Mahomes KC (QB),17,QB
2,Marco,James Conner ARI (RB),18,RB1
2,Gaybo,Jordan Mason SF (RB),17,RB1
2,Marco,Najee Harris PIT (RB),6,RB2
2,Gaybo,Gus Edwards LAC (RB),5,RB2
2,Marco,Ja'Marr Chase CIN (WR),3,WR1
2,Gaybo,Stefon Diggs HOU (WR),3,WR1
2,Marco,Garrett Wilson NYJ (WR),5,WR2
2,Gaybo,Michael Pittman IND (WR),2,WR2
2,Marco,Dallas Cowboys DAL (DEF),0,DEF
2,Gaybo,Buffalo Bills BUF (DEF),25,DEF
2,Marco,Brandon Aubrey DAL (K),15,K
2,Gaybo,Justin Tucker BAL (K),9,K
2,Marco,Sam LaPorta DET (TE),1,Flex
2,Gaybo,Travis Kelce KC (TE),0,Flex
2,Elaf,Joe Burrow CIN (QB),22,QB
2,Monaf,Anthony Richardson IND (QB),13,QB
2,Elaf,Isiah Pacheco KC (RB),11,RB1
2,Monaf,Bijan Robinson ATL (RB),11,RB1
2,Elaf,Jerome Ford CLE (RB),6,RB2
2,Monaf,James Cook BUF (RB),31,RB2
2,Elaf,Amon-Ra St. Brown DET (WR),11,WR1
2,Monaf,Marvin Harrison ARI (WR),33,WR1
2,Elaf,Rashee Rice KC (WR),17,WR2
2,Monaf,Jameson Williams DET (WR),8,WR2
2,Elaf,Jacksonville Jaguars JAX (DEF),4,DEF
2,Monaf,Chicago Bears CHI (DEF),9,DEF
2,Elaf,Ka'imi Fairbairn HOU (K),21,K
2,Monaf,Will Reichard MIN (K),5,K
2,Elaf,D'Andre Swift CHI (RB),3,Flex
2,Monaf,David Montgomery DET (RB),12,Flex
2,Kenny,C.J. Stroud HOU (QB),18,QB
2,Jay,Brock Purdy SF (QB),17,QB
2,Kenny,Kyren Williams LAR (RB),10,RB1
2,Jay,Josh Jacobs GB (RB),15,RB1
2,Kenny,Tony Pollard TEN (RB),10,RB2
2,Jay,Rhamondre Stevenson NE (RB),15,RB2
2,Kenny,Tyreek Hill MIA (WR),3,WR1
2,Jay,CeeDee Lamb DAL (WR),21,WR1
2,Kenny,Tank Dell HOU (WR),1,WR2
2,Jay,Zay Flowers BAL (WR),15,WR2
2,Kenny,San Francisco 49ers SF (DEF),14,DEF
2,Jay,Detroit Lions DET (DEF),13,DEF
2,Kenny,Cameron Dicker LAC (K),6,K
2,Jay,Jake Elliott PHI (K),2,K
2,Kenny,DJ Moore CHI (WR),5,Flex
2,Jay,Brian Robinson WAS (RB),13,Flex
3,Jay,Brock Purdy SF (QB),37,QB
3,Marco,Justin Herbert LAC (QB),11,QB
3,Jay,Josh Jacobs GB (RB),4,RB1
3,Marco,James Conner ARI (RB),1,RB1
3,Jay,Rhamondre Stevenson NE (RB),2,RB2
3,Marco,Najee Harris PIT (RB),8,RB2
3,Jay,CeeDee Lamb DAL (WR),7,WR1
3,Marco,Ja'Marr Chase CIN (WR),30,WR1
3,Jay,Chris Olave NO (WR),15,WR2
3,Marco,Garrett Wilson NYJ (WR),9,WR2
3,Jay,Green Bay Packers GB (DEF),34,DEF
3,Marco,Dallas Cowboys DAL (DEF),0,DEF
3,Jay,Chase McLaughlin TB (K),0,K
3,Marco,Brandon Aubrey DAL (K),12,K
3,Jay,Brian Robinson WAS (RB),9,Flex
3,Marco,Sam LaPorta DET (TE),3,Flex
3,Doy,Derek Carr NO (QB),7,QB
3,Greg,Josh Allen BUF (QB),43,QB
3,Doy,Breece Hall NYJ (RB),13,RB1
3,Greg,Derrick Henry BAL (RB),31,RB1
3,Doy,Zach Charbonnet SEA (RB),23,RB2
3,Greg,Devin Singletary NYG (RB),16,RB2
3,Doy,Davante Adams LV (WR),4,WR1
3,Greg,Justin Jefferson MIN (WR),14,WR1
3,Doy,Amari Cooper CLE (WR),22,WR2
3,Greg,Malik Nabers NYG (WR),19,WR2
3,Doy,Pittsburgh Steelers PIT (DEF),16,DEF
3,Greg,Tampa Bay Buccaneers TB (DEF),3,DEF
3,Doy,Tyler Bass BUF (K),4,K
3,Greg,Jake Bates DET (K),0,K
3,Doy,Jaylen Warren PIT (RB),0,Flex
3,Greg,Javonte Williams DEN (RB),3,Flex
3,Kenny,C.J. Stroud HOU (QB),12,QB
3,Ivo,Dak Prescott DAL (QB),33,QB
3,Kenny,Kyren Williams LAR (RB),29,RB1
3,Ivo,De'Von Achane MIA (RB),5,RB1
3,Kenny,Tony Pollard TEN (RB),2,RB2
3,Ivo,Travis Etienne JAX (RB),7,RB2
3,Kenny,Tyreek Hill MIA (WR),4,WR1
3,Ivo,Nico Collins HOU (WR),8,WR1
3,Kenny,Rashid Shaheed NO (WR),0,WR2
3,Ivo,Brock Bowers LV (TE),4,WR2
3,Kenny,San Francisco 49ers SF (DEF),6,DEF
3,Ivo,New York Jets NYJ (DEF),24,DEF
3,Kenny,Cameron Dicker LAC (K),1,K
3,Ivo,Jake Moody SF (K),1,K
3,Kenny,Tank Dell HOU (WR),6,Flex
3,Ivo,Jakobi Meyers LV (WR),15,Flex
3,Elaf,Joe Burrow CIN (QB),38,QB
3,Gaybo,Patrick Mahomes KC (QB),21,QB
3,Elaf,Jerome Ford CLE (RB),6,RB1
3,Gaybo,Jordan Mason SF (RB),8,RB1
3,Elaf,D'Andre Swift CHI (RB),4,RB2
3,Gaybo,Gus Edwards LAC (RB),0,RB2
3,Elaf,Amon-Ra St. Brown DET (WR),13,WR1
3,Gaybo,Stefon Diggs HOU (WR),9,WR1
3,Elaf,Rashee Rice KC (WR),18,WR2
3,Gaybo,Khalil Shakir BUF (WR),15,WR2
3,Elaf,Jacksonville Jaguars JAX (DEF),-5,DEF
3,Gaybo,Buffalo Bills BUF (DEF),19,DEF
3,Elaf,Ka'imi Fairbairn HOU (K),0,K
3,Gaybo,Justin Tucker BAL (K),0,K
3,Elaf,Tee Higgins CIN (WR),3,Flex
3,Gaybo,Travis Kelce KC (TE),3,Flex
3,Julio,Jalen Hurts PHI (QB),12,QB
3,Zeus,Kyler Murray ARI (QB),17,QB
3,Julio,Jonathan Taylor IND (RB),27,RB1
3,Zeus,Alvin Kamara NO (RB),12,RB1
3,Julio,Rachaad White TB (RB),2,RB2
3,Zeus,Saquon Barkley PHI (RB),35,RB2
3,Julio,Mike Evans TB (WR),1,WR1
3,Zeus,Chris Godwin TB (WR),11,WR1
3,Julio,DeVonta Smith PHI (WR),7,WR2
3,Zeus,DK Metcalf SEA (WR),23,WR2
3,Julio,Cleveland Browns CLE (DEF),10,DEF
3,Zeus,Indianapolis Colts IND (DEF),17,DEF
3,Julio,Daniel Carlson LV (K),0,K
3,Zeus,Younghoe Koo ATL (K),6,K
3,Julio,George Pickens PIT (WR),5,Flex
3,Zeus,Diontae Johnson CAR (WR),18,Flex
3,ATL,Lamar Jackson BAL (QB),24,QB
3,Monaf,Anthony Richardson IND (QB),1,QB
3,ATL,Jahmyr Gibbs DET (RB),18,RB1
3,Monaf,Bijan Robinson ATL (RB),11,RB1
3,ATL,J.K. Dobbins LAC (RB),5,RB2
3,Monaf,James Cook BUF (RB),13,RB2
3,ATL,Drake London ATL (WR),13,WR1
3,Monaf,Brandon Aiyuk SF (WR),4,WR1
3,ATL,Calvin Ridley TEN (WR),0,WR2
3,Monaf,Marvin Harrison ARI (WR),13,WR2
3,ATL,Houston Texans HOU (DEF),8,DEF
3,Monaf,Chicago Bears CHI (DEF),8,DEF
3,ATL,Jason Myers SEA (K),6,K
3,Monaf,Will Reichard MIN (K),9,K
3,ATL,Aaron Jones MIN (RB),20,Flex
3,Monaf,David Montgomery DET (RB),17,Flex
4,Elaf,Joe Burrow CIN (QB),25,QB
4,Jay,Brock Purdy SF (QB),16,QB
4,Elaf,Jerome Ford CLE (RB),7,RB1
4,Jay,Josh Jacobs GB (RB),7,RB1
4,Elaf,D'Andre Swift CHI (RB),25,RB2
4,Jay,Brian Robinson WAS (RB),17,RB2
4,Elaf,Amon-Ra St. Brown DET (WR),16,WR1
4,Jay,CeeDee Lamb DAL (WR),20,WR1
4,Elaf,Rashee Rice KC (WR),0,WR2
4,Jay,Chris Olave NO (WR),8,WR2
4,Elaf,Jacksonville Jaguars JAX (DEF),7,DEF
4,Jay,Detroit Lions DET (DEF),12,DEF
4,Elaf,Ka'imi Fairbairn HOU (K),3,K
4,Jay,Chase McLaughlin TB (K),7,K
4,Elaf,Tee Higgins CIN (WR),6,Flex
4,Jay,Zay Flowers BAL (WR),1,Flex
4,Marco,Caleb Williams CHI (QB),10,QB
4,Ivo,Dak Prescott DAL (QB),27,QB
4,Marco,James Conner ARI (RB),16,RB1
4,Ivo,De'Von Achane MIA (RB),2,RB1
4,Marco,Najee Harris PIT (RB),6,RB2
4,Ivo,Travis Etienne JAX (RB),6,RB2
4,Marco,Ja'Marr Chase CIN (WR),20,WR1
4,Ivo,Nico Collins HOU (WR),21,WR1
4,Marco,Garrett Wilson NYJ (WR),4,WR2
4,Ivo,Brock Bowers LV (TE),2,WR2
4,Marco,Dallas Cowboys DAL (DEF),5,DEF
4,Ivo,New York Jets NYJ (DEF),9,DEF
4,Marco,Brandon Aubrey DAL (K),9,K
4,Ivo,Jake Moody SF (K),5,K
4,Marco,Terry McLaurin WAS (WR),12,Flex
4,Ivo,Jakobi Meyers LV (WR),4,Flex
4,Julio,Baker Mayfield TB (QB),34,QB
4,Monaf,C.J. Stroud HOU (QB),27,QB
4,Julio,Jonathan Taylor IND (RB),16,RB1
4,Monaf,Bijan Robinson ATL (RB),6,RB1
4,Julio,Rachaad White TB (RB),7,RB2
4,Monaf,James Cook BUF (RB),3,RB2
4,Julio,Mike Evans TB (WR),15,WR1
4,Monaf,Marvin Harrison ARI (WR),10,WR1
4,Julio,George Pickens PIT (WR),11,WR2
4,Monaf,DJ Moore CHI (WR),8,WR2
4,Julio,Cleveland Browns CLE (DEF),15,DEF
4,Monaf,Chicago Bears CHI (DEF),12,DEF
4,Julio,Evan McPherson CIN (K),9,K
4,Monaf,Will Reichard MIN (K),3,K
4,Julio,DeAndre Hopkins TEN (WR),3,Flex
4,Monaf,Jaxon Smith-Njigba SEA (WR),5,Flex
4,Kenny,Jared Goff DET (QB),36,QB
4,Greg,Josh Allen BUF (QB),5,QB
4,Kenny,Kyren Williams LAR (RB),16,RB1
4,Greg,Derrick Henry BAL (RB),39,RB1
4,Kenny,David Montgomery DET (RB),14,RB2
4,Greg,Devin Singletary NYG (RB),3,RB2
4,Kenny,Tyreek Hill MIA (WR),3,WR1
4,Greg,Justin Jefferson MIN (WR),15,WR1
4,Kenny,Jameson Williams DET (WR),21,WR2
4,Greg,Malik Nabers NYG (WR),11,WR2
4,Kenny,San Francisco 49ers SF (DEF),31,DEF
4,Greg,New Orleans Saints NO (DEF),5,DEF
4,Kenny,Cameron Dicker LAC (K),6,K
4,Greg,Greg Zuerlein NYJ (K),7,K
4,Kenny,Dallas Goedert PHI (TE),6,Flex
4,Greg,Chuba Hubbard CAR (RB),17,Flex
4,ATL,Lamar Jackson BAL (QB),27,QB
4,Gaybo,Patrick Mahomes KC (QB),18,QB
4,ATL,Jahmyr Gibbs DET (RB),19,RB1
4,Gaybo,Jordan Mason SF (RB),21,RB1
4,ATL,Aaron Jones MIN (RB),13,RB2
4,Gaybo,Gus Edwards LAC (RB),1,RB2
4,ATL,Drake London ATL (WR),6,WR1
4,Gaybo,Stefon Diggs HOU (WR),12,WR1
4,ATL,Brian Thomas JAX (WR),15,WR2
4,Gaybo,Khalil Shakir BUF (WR),6,WR2
4,ATL,Kansas City Chiefs KC (DEF),7,DEF
4,Gaybo,Miami Dolphins MIA (DEF),5,DEF
4,ATL,Jason Myers SEA (K),0,K
4,Gaybo,Justin Tucker BAL (K),0,K
4,ATL,J.K. Dobbins LAC (RB),6,Flex
4,Gaybo,Travis Kelce KC (TE),8,Flex
4,Doy,Geno Smith SEA (QB),22,QB
4,Zeus,Kyler Murray ARI (QB),9,QB
4,Doy,Breece Hall NYJ (RB),1,RB1
4,Zeus,Saquon Barkley PHI (RB),11,RB1
4,Doy,Kenneth Walker SEA (RB),31,RB2
4,Zeus,Alvin Kamara NO (RB),17,RB2
4,Doy,Deebo Samuel SF (WR),5,WR1
4,Zeus,DK Metcalf SEA (WR),10,WR1
4,Doy,Amari Cooper CLE (WR),3,WR2
4,Zeus,Chris Godwin TB (WR),6,WR2
4,Doy,Pittsburgh Steelers PIT (DEF),4,DEF
4,Zeus,Indianapolis Colts IND (DEF),14,DEF
4,Doy,Tyler Bass BUF (K),6,K
4,Zeus,Younghoe Koo ATL (K),24,K
4,Doy,Jayden Reed GB (WR),20,Flex
4,Zeus,Diontae Johnson CAR (WR),16,Flex
5,Marco,Caleb Williams CHI (QB),34,QB
5,Greg,Josh Allen BUF (QB),28,QB
5,Marco,James Conner ARI (RB),9,RB1
5,Greg,Derrick Henry BAL (RB),15,RB1
5,Marco,Najee Harris PIT (RB),7,RB2
5,Greg,Chuba Hubbard CAR (RB),18,RB2
5,Marco,Ja'Marr Chase CIN (WR),42,WR1
5,Greg,Justin Jefferson MIN (WR),9,WR1
5,Marco,Garrett Wilson NYJ (WR),16,WR2
5,Greg,Dalton Kincaid BUF (TE),3,WR2
5,Marco,Dallas Cowboys DAL (DEF),6,DEF
5,Greg,Seattle Seahawks SEA (DEF),18,DEF
5,Marco,Brandon Aubrey DAL (K),9,K
5,Greg,Greg Zuerlein NYJ (K),3,K
5,Marco,Terry McLaurin WAS (WR),11,Flex
5,Greg,Javonte Williams DEN (RB),11,Flex
5,Monaf,C.J. Stroud HOU (QB),25,QB
5,Doy,Geno Smith SEA (QB),24,QB
5,Monaf,Bijan Robinson ATL (RB),7,RB1
5,Doy,Breece Hall NYJ (RB),3,RB1
5,Monaf,James Cook BUF (RB),15,RB2
5,Doy,Kenneth Walker SEA (RB),6,RB2
5,Monaf,Marvin Harrison ARI (WR),3,WR1
5,Doy,Jayden Reed GB (WR),8,WR1
5,Monaf,DJ Moore CHI (WR),28,WR2
5,Doy,Deebo Samuel SF (WR),1,WR2
5,Monaf,Chicago Bears CHI (DEF),20,DEF
5,Doy,Denver Broncos DEN (DEF),31,DEF
5,Monaf,Will Reichard MIN (K),15,K
5,Doy,Tyler Bass BUF (K),3,K
5,Monaf,Brandon Aiyuk SF (WR),14,Flex
5,Doy,Amari Cooper CLE (WR),6,Flex
5,Kenny,Brock Purdy SF (QB),14,QB
5,Zeus,Kyler Murray ARI (QB),28,QB
5,Kenny,Kyren Williams LAR (RB),16,RB1
5,Zeus,Alvin Kamara NO (RB),6,RB1
5,Kenny,Zack Moss CIN (RB),4,RB2
5,Zeus,Trey Sermon IND (RB),11,RB2
5,Kenny,Tyreek Hill MIA (WR),6,WR1
5,Zeus,DK Metcalf SEA (WR),5,WR1
5,Kenny,Rashid Shaheed NO (WR),18,WR2
5,Zeus,Chris Godwin TB (WR),6,WR2
5,Kenny,San Francisco 49ers SF (DEF),17,DEF
5,Zeus,Indianapolis Colts IND (DEF),3,DEF
5,Kenny,Chris Boswell PIT (K),3,K
5,Zeus,Younghoe Koo ATL (K),15,K
5,Kenny,Alexander Mattison LV (RB),8,Flex
5,Zeus,Diontae Johnson CAR (WR),2,Flex
5,Julio,Baker Mayfield TB (QB),27,QB
5,Gaybo,Patrick Mahomes KC (QB),13,QB
5,Julio,Austin Ekeler WAS (RB),9,RB1
5,Gaybo,Jordan Mason SF (RB),8,RB1
5,Julio,Rachaad White TB (RB),7,RB2
5,Gaybo,Raheem Mostert MIA (RB),9,RB2
5,Julio,Mike Evans TB (WR),20,WR1
5,Gaybo,Stefon Diggs HOU (WR),8,WR1
5,Julio,George Pickens PIT (WR),2,WR2
5,Gaybo,Travis Kelce KC (TE),7,WR2
5,Julio,Minnesota Vikings MIN (DEF),27,DEF
5,Gaybo,Miami Dolphins MIA (DEF),7,DEF
5,Julio,Jason Sanders MIA (K),12,K
5,Gaybo,Justin Tucker BAL (K),7,K
5,Julio,Tank Bigsby JAX (RB),30,Flex
5,Gaybo,Michael Pittman IND (WR),9,Flex
5,Elaf,Joe Burrow CIN (QB),55,QB
5,Ivo,Dak Prescott DAL (QB),25,QB
5,Elaf,Jerome Ford CLE (RB),4,RB1
5,Ivo,De'Von Achane MIA (RB),1,RB1
5,Elaf,D'Andre Swift CHI (RB),17,RB2
5,Ivo,Travis Etienne JAX (RB),5,RB2
5,Elaf,Tee Higgins CIN (WR),21,WR1
5,Ivo,Nico Collins HOU (WR),19,WR1
5,Elaf,Dontayvion Wicks GB (WR),2,WR2
5,Ivo,Tre Tucker LV (WR),1,WR2
5,Elaf,Jacksonville Jaguars JAX (DEF),11,DEF
5,Ivo,New York Jets NYJ (DEF),14,DEF
5,Elaf,Ka'imi Fairbairn HOU (K),21,K
5,Ivo,Jake Moody SF (K),2,K
5,Elaf,Kareem Hunt KC (RB),17,Flex
5,Ivo,Brock Bowers LV (TE),20,Flex
5,ATL,Lamar Jackson BAL (QB),44,QB
5,Jay,Jordan Love GB (QB),25,QB
5,ATL,Aaron Jones MIN (RB),4,RB1
5,Jay,Josh Jacobs GB (RB),15,RB1
5,ATL,Jonathon Brooks CAR (RB),0,RB2
5,Jay,Brian Robinson WAS (RB),13,RB2
5,ATL,Drake London ATL (WR),22,WR1
5,Jay,CeeDee Lamb DAL (WR),6,WR1
5,ATL,Brian Thomas JAX (WR),26,WR2
5,Jay,Chris Olave NO (WR),1,WR2
5,ATL,Kansas City Chiefs KC (DEF),5,DEF
5,Jay,Green Bay Packers GB (DEF),12,DEF
5,ATL,Jason Myers SEA (K),6,K
5,Jay,Chase McLaughlin TB (K),15,K
5,ATL,Mike Williams NYJ (WR),2,Flex
5,Jay,Rhamondre Stevenson NE (RB),17,Flex
6,Elaf,Joe Burrow CIN (QB),26,QB
6,Julio,Jalen Hurts PHI (QB),31,QB
6,Elaf,D'Andre Swift CHI (RB),17,RB1
6,Julio,Tank Bigsby JAX (RB),2,RB1
6,Elaf,Bucky Irving TB (RB),16,RB2
6,Julio,Austin Ekeler WAS (RB),6,RB2
6,Elaf,Amon-Ra St. Brown DET (WR),9,WR1
6,Julio,Mike Evans TB (WR),3,WR1
6,Elaf,Tee Higgins CIN (WR),7,WR2
6,Julio,DeVonta Smith PHI (WR),16,WR2
6,Elaf,Jacksonville Jaguars JAX (DEF),8,DEF
6,Julio,Baltimore Ravens BAL (DEF),6,DEF
6,Elaf,Ka'imi Fairbairn HOU (K),6,K
6,Julio,Daniel Carlson LV (K),0,K
6,Elaf,Tyrone Tracy NYG (RB),16,Flex
6,Julio,Darnell Mooney ATL (WR),3,Flex
6,Marco,Marco Manzo NVC (QB),0,QB
6,Kenny,Jared Goff DET (QB),39,QB
6,Marco,Marco Manzo NVC (QB),0,RB1
6,Kenny,David Montgomery DET (RB),21,RB1
6,Marco,Marco Manzo NVC (QB),0,RB2
6,Kenny,Zack Moss CIN (RB),1,RB2
6,Marco,Marco Manzo NVC (QB),0,WR1
6,Kenny,Jameson Williams DET (WR),17,WR1
6,Marco,Marco Manzo NVC (QB),0,WR2
6,Kenny,Rashid Shaheed NO (WR),1,WR2
6,Marco,Marco Manzo NVC (QB),0,DEF
6,Kenny,San Francisco 49ers SF (DEF),7,DEF
6,Marco,Marco Manzo NVC (QB),0,K
6,Kenny,Chris Boswell PIT (K),15,K
6,Marco,Marco Manzo NVC (QB),0,Flex
6,Kenny,Dallas Goedert PHI (TE),0,Flex
6,Greg,Josh Allen BUF (QB),29,QB
6,Ivo,Dak Prescott DAL (QB),-1,QB
6,Greg,Derrick Henry BAL (RB),25,RB1
6,Ivo,Chase Brown CIN (RB),15,RB1
6,Greg,Chuba Hubbard CAR (RB),10,RB2
6,Ivo,Travis Etienne JAX (RB),0,RB2
6,Greg,Keenan Allen CHI (WR),16,WR1
6,Ivo,George Kittle SF (TE),18,WR1
6,Greg,Dalton Kincaid BUF (TE),5,WR2
6,Ivo,Tre Tucker LV (WR),0,WR2
6,Greg,Tampa Bay Buccaneers TB (DEF),30,DEF
6,Ivo,New York Jets NYJ (DEF),4,DEF
6,Greg,Greg Zuerlein NYJ (K),4,K
6,Ivo,Blake Grupe NO (K),4,K
6,Greg,Javonte Williams DEN (RB),3,Flex
6,Ivo,Brock Bowers LV (TE),7,Flex
6,Monaf,C.J. Stroud HOU (QB),20,QB
6,Gaybo,Andy Dalton CAR (QB),20,QB
6,Monaf,Bijan Robinson ATL (RB),22,RB1
6,Gaybo,Jordan Mason SF (RB),7,RB1
6,Monaf,Ray Davis BUF (RB),14,RB2
6,Gaybo,Roschon Johnson CHI (RB),2,RB2
6,Monaf,Marvin Harrison ARI (WR),0,WR1
6,Gaybo,Tyler Lockett SEA (WR),12,WR1
6,Monaf,Brandon Aiyuk SF (WR),3,WR2
6,Gaybo,Stefon Diggs HOU (WR),14,WR2
6,Monaf,Chicago Bears CHI (DEF),14,DEF
6,Gaybo,Buffalo Bills BUF (DEF),9,DEF
6,Monaf,Will Reichard MIN (K),0,K
6,Gaybo,Justin Tucker BAL (K),9,K
6,Monaf,DJ Moore CHI (WR),2,Flex
6,Gaybo,Jalen Tolbert DAL (WR),4,Flex
6,ATL,Lamar Jackson BAL (QB),21,QB
6,Doy,Kirk Cousins ATL (QB),15,QB
6,ATL,Jahmyr Gibbs DET (RB),8,RB1
6,Doy,Kenneth Walker SEA (RB),12,RB1
6,ATL,J.K. Dobbins LAC (RB),15,RB2
6,Doy,Breece Hall NYJ (RB),16,RB2
6,ATL,Drake London ATL (WR),13,WR1
6,Doy,Deebo Samuel SF (WR),24,WR1
6,ATL,A.J. Brown PHI (WR),19,WR2
6,Doy,Jayden Reed GB (WR),8,WR2
6,ATL,Houston Texans HOU (DEF),20,DEF
6,Doy,Pittsburgh Steelers PIT (DEF),11,DEF
6,ATL,Matt Gay IND (K),2,K
6,Doy,Tyler Bass BUF (K),1,K
6,ATL,Brian Thomas JAX (WR),2,Flex
6,Doy,Amari Cooper CLE (WR),4,Flex
6,Zeus,Kyler Murray ARI (QB),17,QB
6,Jay,Jordan Love GB (QB),39,QB
6,Zeus,Saquon Barkley PHI (RB),4,RB1
6,Jay,Josh Jacobs GB (RB),8,RB1
6,Zeus,Alvin Kamara NO (RB),12,RB2
6,Jay,Tony Pollard TEN (RB),17,RB2
6,Zeus,Chris Godwin TB (WR),29,WR1
6,Jay,CeeDee Lamb DAL (WR),8,WR1
6,Zeus,DK Metcalf SEA (WR),4,WR2
6,Jay,Zay Flowers BAL (WR),13,WR2
6,Zeus,Philadelphia Eagles PHI (DEF),13,DEF
6,Jay,Detroit Lions DET (DEF),23,DEF
6,Zeus,Evan McPherson CIN (K),3,K
6,Jay,Chase McLaughlin TB (K),1,K
6,Zeus,Joe Mixon HOU (RB),28,Flex
6,Jay,Chris Olave NO (WR),0,Flex
7,Zeus,Sam Darnold MIN (QB),18,QB
7,Monaf,C.J. Stroud HOU (QB),4,QB
7,Zeus,Saquon Barkley PHI (RB),24,RB1
7,Monaf,Bijan Robinson ATL (RB),20,RB1
7,Zeus,Alvin Kamara NO (RB),2,RB2
7,Monaf,James Cook BUF (RB),10,RB2
7,Zeus,Chris Godwin TB (WR),6,WR1
7,Monaf,Marvin Harrison ARI (WR),2,WR1
7,Zeus,DK Metcalf SEA (WR),18,WR2
7,Monaf,Brandon Aiyuk SF (WR),2,WR2
7,Zeus,Philadelphia Eagles PHI (DEF),30,DEF
7,Monaf,Las Vegas Raiders LV (DEF),5,DEF
7,Zeus,Younghoe Koo ATL (K),0,K
7,Monaf,Will Reichard MIN (K),12,K
7,Zeus,Joe Mixon HOU (RB),23,Flex
7,Monaf,Tank Dell HOU (WR),0,Flex
7,Elaf,Joe Burrow CIN (QB),18,QB
7,ATL,Lamar Jackson BAL (QB),52,QB
7,Elaf,Kareem Hunt KC (RB),19,RB1
7,ATL,Jahmyr Gibbs DET (RB),31,RB1
7,Elaf,Tyrone Tracy NYG (RB),2,RB2
7,ATL,J.K. Dobbins LAC (RB),6,RB2
7,Elaf,Amon-Ra St. Brown DET (WR),20,WR1
7,ATL,A.J. Brown PHI (WR),18,WR1
7,Elaf,Tee Higgins CIN (WR),16,WR2
7,ATL,Drake London ATL (WR),12,WR2
7,Elaf,Jacksonville Jaguars JAX (DEF),19,DEF
7,ATL,Houston Texans HOU (DEF),15,DEF
7,Elaf,Ka'imi Fairbairn HOU (K),10,K
7,ATL,Jason Myers SEA (K),9,K
7,Elaf,Kyle Pitts ATL (TE),6,Flex
7,ATL,Aaron Jones MIN (RB),20,Flex
7,Greg,Josh Allen BUF (QB),26,QB
7,Jay,Jordan Love GB (QB),27,QB
7,Greg,Derrick Henry BAL (RB),24,RB1
7,Jay,Josh Jacobs GB (RB),14,RB1
7,Greg,Chuba Hubbard CAR (RB),11,RB2
7,Jay,Tony Pollard TEN (RB),6,RB2
7,Greg,Justin Jefferson MIN (WR),16,WR1
7,Jay,Xavier Legette CAR (WR),0,WR1
7,Greg,Dalton Kincaid BUF (TE),5,WR2
7,Jay,Zay Flowers BAL (WR),2,WR2
7,Greg,New Orleans Saints NO (DEF),3,DEF
7,Jay,Detroit Lions DET (DEF),11,DEF
7,Greg,Jake Bates DET (K),9,K
7,Jay,Chase McLaughlin TB (K),1,K
7,Greg,Malik Nabers NYG (WR),4,Flex
7,Jay,Brian Robinson WAS (RB),13,Flex
7,Julio,Baker Mayfield TB (QB),39,QB
7,Kenny,Jared Goff DET (QB),28,QB
7,Julio,Tank Bigsby JAX (RB),23,RB1
7,Kenny,Kyren Williams LAR (RB),20,RB1
7,Julio,Austin Ekeler WAS (RB),1,RB2
7,Kenny,David Montgomery DET (RB),6,RB2
7,Julio,Mike Evans TB (WR),10,WR1
7,Kenny,Tyreek Hill MIA (WR),0,WR1
7,Julio,DeVonta Smith PHI (WR),0,WR2
7,Kenny,Jameson Williams DET (WR),0,WR2
7,Julio,Cleveland Browns CLE (DEF),6,DEF
7,Kenny,San Francisco 49ers SF (DEF),10,DEF
7,Julio,Jason Sanders MIA (K),3,K
7,Kenny,Chris Boswell PIT (K),5,K
7,Julio,George Pickens PIT (WR),18,Flex
7,Kenny,Zack Moss CIN (RB),3,Flex
7,Marco,Justin Herbert LAC (QB),11,QB
7,Doy,Kirk Cousins ATL (QB),11,QB
7,Marco,James Conner ARI (RB),15,RB1
7,Doy,Kenneth Walker SEA (RB),23,RB1
7,Marco,Najee Harris PIT (RB),17,RB2
7,Doy,Breece Hall NYJ (RB),20,RB2
7,Marco,Ja'Marr Chase CIN (WR),13,WR1
7,Doy,Deebo Samuel SF (WR),0,WR1
7,Marco,Garrett Wilson NYJ (WR),8,WR2
7,Doy,Jayden Reed GB (WR),1,WR2
7,Marco,Dallas Cowboys DAL (DEF),0,DEF
7,Doy,Denver Broncos DEN (DEF),32,DEF
7,Marco,Harrison Butker KC (K),0,K
7,Doy,Tyler Bass BUF (K),4,K
7,Marco,Terry McLaurin WAS (WR),9,Flex
7,Doy,Davante Adams LV (WR),3,Flex
7,Gaybo,Patrick Mahomes KC (QB),8,QB
7,Ivo,Matthew Stafford LAR (QB),0,QB
7,Gaybo,Jordan Mason SF (RB),6,RB1
7,Ivo,Chase Brown CIN (RB),4,RB1
7,Gaybo,Jaleel McLaughlin DEN (RB),3,RB2
7,Ivo,De'Von Achane MIA (RB),7,RB2
7,Gaybo,Travis Kelce KC (TE),1,WR1
7,Ivo,George Kittle SF (TE),9,WR1
7,Gaybo,Stefon Diggs HOU (WR),2,WR2
7,Ivo,Tre Tucker LV (WR),4,WR2
7,Gaybo,Buffalo Bills BUF (DEF),15,DEF
7,Ivo,New York Jets NYJ (DEF),-1,DEF
7,Gaybo,Justin Tucker BAL (K),7,K
7,Ivo,Blake Grupe NO (K),3,K
7,Gaybo,Raheem Mostert MIA (RB),5,Flex
7,Ivo,Brock Bowers LV (TE),9,Flex
8,Monaf,C.J. Stroud HOU (QB),17,QB
8,Kenny,Jared Goff DET (QB),21,QB
8,Monaf,Bijan Robinson ATL (RB),15,RB1
8,Kenny,David Montgomery DET (RB),15,RB1
8,Monaf,James Cook BUF (RB),25,RB2
8,Kenny,Kyren Williams LAR (RB),16,RB2
8,Monaf,DJ Moore CHI (WR),2,WR1
8,Kenny,Tyreek Hill MIA (WR),7,WR1
8,Monaf,Tank Dell HOU (WR),9,WR2
8,Kenny,Courtland Sutton DEN (WR),10,WR2
8,Monaf,Chicago Bears CHI (DEF),4,DEF
8,Kenny,San Francisco 49ers SF (DEF),10,DEF
8,Monaf,Will Reichard MIN (K),4,K
8,Kenny,Chris Boswell PIT (K),6,K
8,Monaf,Jaxon Smith-Njigba SEA (WR),6,Flex
8,Kenny,Nick Chubb CLE (RB),5,Flex
8,Gaybo,Tua Tagovailoa MIA (QB),17,QB
8,Doy,Kirk Cousins ATL (QB),46,QB
8,Gaybo,Jordan Mason SF (RB),1,RB1
8,Doy,Breece Hall NYJ (RB),8,RB1
8,Gaybo,Raheem Mostert MIA (RB),14,RB2
8,Doy,Kenneth Walker SEA (RB),4,RB2
8,Gaybo,Stefon Diggs HOU (WR),8,WR1
8,Doy,Davante Adams LV (WR),5,WR1
8,Gaybo,Travis Kelce KC (TE),15,WR2
8,Doy,Jayden Reed GB (WR),5,WR2
8,Gaybo,Buffalo Bills BUF (DEF),11,DEF
8,Doy,Denver Broncos DEN (DEF),10,DEF
8,Gaybo,Justin Tucker BAL (K),3,K
8,Doy,Tyler Bass BUF (K),1,K
8,Gaybo,Tyler Lockett SEA (WR),0,Flex
8,Doy,Amari Cooper CLE (WR),0,Flex
8,Julio,Jalen Hurts PHI (QB),40,QB
8,Jay,Jordan Love GB (QB),0,QB
8,Julio,Jonathan Taylor IND (RB),17,RB1
8,Jay,Josh Jacobs GB (RB),27,RB1
8,Julio,Tank Bigsby JAX (RB),7,RB2
8,Jay,Tony Pollard TEN (RB),11,RB2
8,Julio,George Pickens PIT (WR),7,WR1
8,Jay,CeeDee Lamb DAL (WR),28,WR1
8,Julio,DeVonta Smith PHI (WR),18,WR2
8,Jay,Chris Olave NO (WR),10,WR2
8,Julio,Baltimore Ravens BAL (DEF),7,DEF
8,Jay,Detroit Lions DET (DEF),27,DEF
8,Julio,Jason Sanders MIA (K),7,K
8,Jay,Chase McLaughlin TB (K),6,K
8,Julio,Rachaad White TB (RB),12,Flex
8,Jay,Brian Robinson WAS (RB),7,Flex
8,Elaf,Joe Burrow CIN (QB),14,QB
8,Greg,Josh Allen BUF (QB),23,QB
8,Elaf,De'Von Achane MIA (RB),21,RB1
8,Greg,Derrick Henry BAL (RB),13,RB1
8,Elaf,D'Andre Swift CHI (RB),23,RB2
8,Greg,Javonte Williams DEN (RB),4,RB2
8,Elaf,Amon-Ra St. Brown DET (WR),6,WR1
8,Greg,Justin Jefferson MIN (WR),11,WR1
8,Elaf,Dontayvion Wicks GB (WR),1,WR2
8,Greg,Cooper Kupp LAR (WR),11,WR2
8,Elaf,Jacksonville Jaguars JAX (DEF),5,DEF
8,Greg,Tampa Bay Buccaneers TB (DEF),9,DEF
8,Elaf,Ka'imi Fairbairn HOU (K),9,K
8,Greg,Brandon McManus GB (K),13,K
8,Elaf,Jalen McMillan TB (WR),4,Flex
8,Greg,Malik Nabers NYG (WR),7,Flex
8,ATL,Lamar Jackson BAL (QB),28,QB
8,Ivo,Russell Wilson PIT (QB),19,QB
8,ATL,Jahmyr Gibbs DET (RB),25,RB1
8,Ivo,Kareem Hunt KC (RB),11,RB1
8,ATL,Aaron Jones MIN (RB),8,RB2
8,Ivo,Chase Brown CIN (RB),9,RB2
8,ATL,A.J. Brown PHI (WR),8,WR1
8,Ivo,Brock Bowers LV (TE),5,WR1
8,ATL,Drake London ATL (WR),3,WR2
8,Ivo,George Kittle SF (TE),18,WR2
8,ATL,Kansas City Chiefs KC (DEF),13,DEF
8,Ivo,New York Jets NYJ (DEF),4,DEF
8,ATL,Jason Myers SEA (K),3,K
8,Ivo,Blake Grupe NO (K),6,K
8,ATL,Brian Thomas JAX (WR),13,Flex
8,Ivo,Bucky Irving TB (RB),8,Flex
8,Marco,Caleb Williams CHI (QB),7,QB
8,Zeus,Sam Darnold MIN (QB),22,QB
8,Marco,James Conner ARI (RB),12,RB1
8,Zeus,Saquon Barkley PHI (RB),10,RB1
8,Marco,Najee Harris PIT (RB),12,RB2
8,Zeus,Joe Mixon HOU (RB),20,RB2
8,Marco,Ja'Marr Chase CIN (WR),11,WR1
8,Zeus,Jaylen Waddle MIA (WR),4,WR1
8,Marco,Garrett Wilson NYJ (WR),11,WR2
8,Zeus,Rashod Bateman BAL (WR),2,WR2
8,Marco,Dallas Cowboys DAL (DEF),4,DEF
8,Zeus,Philadelphia Eagles PHI (DEF),8,DEF
8,Marco,Brandon Aubrey DAL (K),1,K
8,Zeus,Younghoe Koo ATL (K),3,K
8,Marco,Terry McLaurin WAS (WR),12,Flex
8,Zeus,Alvin Kamara NO (RB),11,Flex
9,Elaf,Joe Burrow CIN (QB),47,QB
9,Doy,Kirk Cousins ATL (QB),31,QB
9,Elaf,De'Von Achane MIA (RB),24,RB1
9,Doy,Breece Hall NYJ (RB),8,RB1
9,Elaf,D'Andre Swift CHI (RB),8,RB2
9,Doy,Kenneth Walker SEA (RB),10,RB2
9,Elaf,Amon-Ra St. Brown DET (WR),11,WR1
9,Doy,Jayden Reed GB (WR),11,WR1
9,Elaf,Ladd McConkey LAC (WR),6,WR2
9,Doy,Davante Adams LV (WR),18,WR2
9,Elaf,Jacksonville Jaguars JAX (DEF),18,DEF
9,Doy,Denver Broncos DEN (DEF),-1,DEF
9,Elaf,Ka'imi Fairbairn HOU (K),7,K
9,Doy,Tyler Bass BUF (K),18,K
9,Elaf,Tyrone Tracy NYG (RB),6,Flex
9,Doy,Jordan Addison MIN (WR),10,Flex
9,ATL,Attalah Elkadi NVC (WR),0,QB
9,Kenny,Jared Goff DET (QB),9,QB
9,ATL,Attalah Elkadi NVC (WR),0,RB1
9,Kenny,Kyren Williams LAR (RB),8,RB1
9,ATL,Attalah Elkadi NVC (WR),0,RB2
9,Kenny,David Montgomery DET (RB),9,RB2
9,ATL,Attalah Elkadi NVC (WR),0,WR1
9,Kenny,Tyreek Hill MIA (WR),8,WR1
9,ATL,Attalah Elkadi NVC (WR),0,WR2
9,Kenny,Courtland Sutton DEN (WR),18,WR2
9,ATL,Attalah Elkadi NVC (WR),0,DEF
9,Kenny,New England Patriots NE (DEF),5,DEF
9,ATL,Attalah Elkadi NVC (WR),0,K
9,Kenny,Cameron Dicker LAC (K),0,K
9,ATL,Attalah Elkadi NVC (WR),0,Flex
9,Kenny,Nick Chubb CLE (RB),3,Flex
9,Julio,Jalen Hurts PHI (QB),38,QB
9,Marco,Caleb Williams CHI (QB),9,QB
9,Julio,Jonathan Taylor IND (RB),5,RB1
9,Marco,James Conner ARI (RB),11,RB1
9,Julio,Travis Etienne JAX (RB),2,RB2
9,Marco,Miles Sanders CAR (RB),0,RB2
9,Julio,DeVonta Smith PHI (WR),16,WR1
9,Marco,Ja'Marr Chase CIN (WR),4,WR1
9,Julio,Darnell Mooney ATL (WR),17,WR2
9,Marco,Terry McLaurin WAS (WR),14,WR2
9,Julio,Baltimore Ravens BAL (DEF),14,DEF
9,Marco,Dallas Cowboys DAL (DEF),7,DEF
9,Julio,Jason Sanders MIA (K),4,K
9,Marco,Brandon Aubrey DAL (K),9,K
9,Julio,Austin Ekeler WAS (RB),14,Flex
9,Marco,Garrett Wilson NYJ (WR),25,Flex
9,Monaf,C.J. Stroud HOU (QB),8,QB
9,Greg,Josh Allen BUF (QB),32,QB
9,Monaf,Bijan Robinson ATL (RB),13,RB1
9,Greg,Derrick Henry BAL (RB),24,RB1
9,Monaf,James Cook BUF (RB),6,RB2
9,Greg,Chuba Hubbard CAR (RB),20,RB2
9,Monaf,Marvin Harrison ARI (WR),3,WR1
9,Greg,Justin Jefferson MIN (WR),13,WR1
9,Monaf,Tank Dell HOU (WR),12,WR2
9,Greg,Cooper Kupp LAR (WR),10,WR2
9,Monaf,Los Angeles Chargers LAC (DEF),24,DEF
9,Greg,New Orleans Saints NO (DEF),5,DEF
9,Monaf,Will Reichard MIN (K),0,K
9,Greg,Brandon McManus GB (K),6,K
9,Monaf,Rico Dowdle DAL (RB),16,Flex
9,Greg,Malik Nabers NYG (WR),5,Flex
9,Ivo,Matthew Stafford LAR (QB),23,QB
9,Jay,Jordan Love GB (QB),9,QB
9,Ivo,Kareem Hunt KC (RB),17,RB1
9,Jay,Josh Jacobs GB (RB),10,RB1
9,Ivo,Chase Brown CIN (RB),21,RB2
9,Jay,Tony Pollard TEN (RB),14,RB2
9,Ivo,Jakobi Meyers LV (WR),10,WR1
9,Jay,CeeDee Lamb DAL (WR),5,WR1
9,Ivo,Brock Bowers LV (TE),12,WR2
9,Jay,Chris Olave NO (WR),1,WR2
9,Ivo,Cincinnati Bengals CIN (DEF),16,DEF
9,Jay,Detroit Lions DET (DEF),11,DEF
9,Ivo,Blake Grupe NO (K),10,K
9,Jay,Chase McLaughlin TB (K),3,K
9,Ivo,Bucky Irving TB (RB),3,Flex
9,Jay,Rhamondre Stevenson NE (RB),16,Flex
9,Gaybo,Patrick Mahomes KC (QB),29,QB
9,Zeus,Sam Darnold MIN (QB),27,QB
9,Gaybo,Raheem Mostert MIA (RB),8,RB1
9,Zeus,Saquon Barkley PHI (RB),34,RB1
9,Gaybo,Roschon Johnson CHI (RB),1,RB2
9,Zeus,Joe Mixon HOU (RB),16,RB2
9,Gaybo,Travis Kelce KC (TE),10,WR1
9,Zeus,Josh Downs IND (WR),6,WR1
9,Gaybo,Khalil Shakir BUF (WR),5,WR2
9,Zeus,Rome Odunze CHI (WR),10,WR2
9,Gaybo,Buffalo Bills BUF (DEF),5,DEF
9,Zeus,Philadelphia Eagles PHI (DEF),13,DEF
9,Gaybo,Justin Tucker BAL (K),6,K
9,Zeus,Younghoe Koo ATL (K),0,K
9,Gaybo,Michael Pittman IND (WR),1,Flex
9,Zeus,Alvin Kamara NO (RB),21,Flex
10,Elaf,Joe Burrow CIN (QB),56,QB
10,Kenny,Jared Goff DET (QB),15,QB
10,Elaf,De'Von Achane MIA (RB),4,RB1
10,Kenny,Kyren Williams LAR (RB),8,RB1
10,Elaf,D'Andre Swift CHI (RB),5,RB2
10,Kenny,David Montgomery DET (RB),11,RB2
10,Elaf,Amon-Ra St. Brown DET (WR),12,WR1
10,Kenny,Tyreek Hill MIA (WR),8,WR1
10,Elaf,Ladd McConkey LAC (WR),5,WR2
10,Kenny,Jameson Williams DET (WR),5,WR2
10,Elaf,Jacksonville Jaguars JAX (DEF),11,DEF
10,Kenny,San Francisco 49ers SF (DEF),4,DEF
10,Elaf,Ka'imi Fairbairn HOU (K),10,K
10,Kenny,Chris Boswell PIT (K),0,K
10,Elaf,Tyrone Tracy NYG (RB),19,Flex
10,Kenny,Courtland Sutton DEN (WR),16,Flex
10,Julio,Jalen Hurts PHI (QB),36,QB
10,Doy,Kirk Cousins ATL (QB),10,QB
10,Julio,Jonathan Taylor IND (RB),11,RB1
10,Doy,Breece Hall NYJ (RB),8,RB1
10,Julio,Austin Ekeler WAS (RB),16,RB2
10,Doy,Jaylen Warren PIT (RB),8,RB2
10,Julio,George Pickens PIT (WR),16,WR1
10,Doy,Davante Adams LV (WR),3,WR1
10,Julio,DeVonta Smith PHI (WR),1,WR2
10,Doy,Deebo Samuel SF (WR),7,WR2
10,Julio,Minnesota Vikings MIN (DEF),25,DEF
10,Doy,Pittsburgh Steelers PIT (DEF),9,DEF
10,Julio,Jason Sanders MIA (K),15,K
10,Doy,Tyler Bass BUF (K),5,K
10,Julio,Darnell Mooney ATL (WR),9,Flex
10,Doy,Jordan Addison MIN (WR),2,Flex
10,Monaf,C.J. Stroud HOU (QB),17,QB
10,Jay,Cooper Rush DAL (QB),3,QB
10,Monaf,Bijan Robinson ATL (RB),30,RB1
10,Jay,Rhamondre Stevenson NE (RB),7,RB1
10,Monaf,James Cook BUF (RB),16,RB2
10,Jay,Tony Pollard TEN (RB),5,RB2
10,Monaf,Marvin Harrison ARI (WR),12,WR1
10,Jay,CeeDee Lamb DAL (WR),2,WR1
10,Monaf,Tank Dell HOU (WR),3,WR2
10,Jay,Zay Flowers BAL (WR),3,WR2
10,Monaf,Los Angeles Chargers LAC (DEF),14,DEF
10,Jay,Detroit Lions DET (DEF),14,DEF
10,Monaf,Will Reichard MIN (K),0,K
10,Jay,Chase McLaughlin TB (K),4,K
10,Monaf,Rico Dowdle DAL (RB),5,Flex
10,Jay,Xavier Legette CAR (WR),4,Flex
10,ATL,Lamar Jackson BAL (QB),50,QB
10,Marco,Caleb Williams CHI (QB),4,QB
10,ATL,Jahmyr Gibbs DET (RB),10,RB1
10,Marco,James Conner ARI (RB),17,RB1
10,ATL,Aaron Jones MIN (RB),9,RB2
10,Marco,Najee Harris PIT (RB),11,RB2
10,ATL,A.J. Brown PHI (WR),10,WR1
10,Marco,Puka Nacua LAR (WR),9,WR1
10,ATL,Drake London ATL (WR),9,WR2
10,Marco,Garrett Wilson NYJ (WR),4,WR2
10,ATL,Kansas City Chiefs KC (DEF),4,DEF
10,Marco,Dallas Cowboys DAL (DEF),16,DEF
10,ATL,Matt Gay IND (K),2,K
10,Marco,Brandon Aubrey DAL (K),4,K
10,ATL,J.K. Dobbins LAC (RB),5,Flex
10,Marco,Terry McLaurin WAS (WR),11,Flex
10,Gaybo,Patrick Mahomes KC (QB),17,QB
10,Greg,Josh Allen BUF (QB),19,QB
10,Gaybo,Christian McCaffrey SF (RB),9,RB1
10,Greg,Derrick Henry BAL (RB),12,RB1
10,Gaybo,Raheem Mostert MIA (RB),3,RB2
10,Greg,Javonte Williams DEN (RB),0,RB2
10,Gaybo,Travis Kelce KC (TE),12,WR1
10,Greg,Justin Jefferson MIN (WR),4,WR1
10,Gaybo,Khalil Shakir BUF (WR),5,WR2
10,Greg,Cooper Kupp LAR (WR),8,WR2
10,Gaybo,Buffalo Bills BUF (DEF),28,DEF
10,Greg,New Orleans Saints NO (DEF),9,DEF
10,Gaybo,Matt Prater ARI (K),0,K
10,Greg,Jake Bates DET (K),18,K
10,Gaybo,Roschon Johnson CHI (RB),0,Flex
10,Greg,Dalton Kincaid BUF (TE),2,Flex
10,Ivo,Matthew Stafford LAR (QB),8,QB
10,Zeus,Sam Darnold MIN (QB),6,QB
10,Ivo,Kareem Hunt KC (RB),9,RB1
10,Zeus,Saquon Barkley PHI (RB),7,RB1
10,Ivo,Chase Brown CIN (RB),15,RB2
10,Zeus,Alvin Kamara NO (RB),10,RB2
10,Ivo,Nico Collins HOU (WR),0,WR1
10,Zeus,Jaylen Waddle MIA (WR),5,WR1
10,Ivo,George Kittle SF (TE),12,WR2
10,Zeus,Josh Downs IND (WR),7,WR2
10,Ivo,Cincinnati Bengals CIN (DEF),-3,DEF
10,Zeus,Philadelphia Eagles PHI (DEF),31,DEF
10,Ivo,Blake Grupe NO (K),4,K
10,Zeus,Younghoe Koo ATL (K),1,K
10,Ivo,Bucky Irving TB (RB),15,Flex
10,Zeus,Joe Mixon HOU (RB),14,Flex
11,Elaf,Joe Burrow CIN (QB),40,QB
11,Marco,Justin Herbert LAC (QB),33,QB
11,Elaf,De'Von Achane MIA (RB),15,RB1
11,Marco,Cam Akers HOU (RB),10,RB1
11,Elaf,D'Andre Swift CHI (RB),17,RB2
11,Marco,Najee Harris PIT (RB),9,RB2
11,Elaf,Amon-Ra St. Brown DET (WR),30,WR1
11,Marco,Ja'Marr Chase CIN (WR),20,WR1
11,Elaf,Ladd McConkey LAC (WR),12,WR2
11,Marco,Puka Nacua LAR (WR),19,WR2
11,Elaf,Jacksonville Jaguars JAX (DEF),0,DEF
11,Marco,Dallas Cowboys DAL (DEF),5,DEF
11,Elaf,Ka'imi Fairbairn HOU (K),4,K
11,Marco,Brandon Aubrey DAL (K),6,K
11,Elaf,Tee Higgins CIN (WR),20,Flex
11,Marco,Terry McLaurin WAS (WR),1,Flex
11,Kenny,Jared Goff DET (QB),47,QB
11,Doy,Geno Smith SEA (QB),15,QB
11,Kenny,Kyren Williams LAR (RB),8,RB1
11,Doy,Breece Hall NYJ (RB),26,RB1
11,Kenny,David Montgomery DET (RB),21,RB2
11,Doy,Kenneth Walker SEA (RB),11,RB2
11,Kenny,Tyreek Hill MIA (WR),12,WR1
11,Doy,Deebo Samuel SF (WR),2,WR1
11,Kenny,Jameson Williams DET (WR),22,WR2
11,Doy,Jayden Reed GB (WR),9,WR2
11,Kenny,San Francisco 49ers SF (DEF),11,DEF
11,Doy,Denver Broncos DEN (DEF),11,DEF
11,Kenny,Chris Boswell PIT (K),25,K
11,Doy,Tyler Bass BUF (K),3,K
11,Kenny,Nick Chubb CLE (RB),5,Flex
11,Doy,Davante Adams LV (WR),7,Flex
11,ATL,Lamar Jackson BAL (QB),17,QB
11,Julio,Jalen Hurts PHI (QB),18,QB
11,ATL,Jahmyr Gibbs DET (RB),17,RB1
11,Julio,Jonathan Taylor IND (RB),5,RB1
11,ATL,Aaron Jones MIN (RB),3,RB2
11,Julio,Austin Ekeler WAS (RB),8,RB2
11,ATL,A.J. Brown PHI (WR),6,WR1
11,Julio,George Pickens PIT (WR),8,WR1
11,ATL,Calvin Ridley TEN (WR),5,WR2
11,Julio,DeVonta Smith PHI (WR),2,WR2
11,ATL,Houston Texans HOU (DEF),27,DEF
11,Julio,Minnesota Vikings MIN (DEF),13,DEF
11,ATL,Matt Gay IND (K),12,K
11,Julio,Jason Sanders MIA (K),6,K
11,ATL,J.K. Dobbins LAC (RB),19,Flex
11,Julio,Travis Etienne JAX (RB),2,Flex
11,Zeus,Sam Darnold MIN (QB),26,QB
11,Greg,Josh Allen BUF (QB),27,QB
11,Zeus,Joe Mixon HOU (RB),36,RB1
11,Greg,Derrick Henry BAL (RB),12,RB1
11,Zeus,Saquon Barkley PHI (RB),36,RB2
11,Greg,Audric Estime DEN (RB),1,RB2
11,Zeus,DK Metcalf SEA (WR),7,WR1
11,Greg,Justin Jefferson MIN (WR),8,WR1
11,Zeus,Ricky Pearsall SF (WR),0,WR2
11,Greg,Cooper Kupp LAR (WR),28,WR2
11,Zeus,Indianapolis Colts IND (DEF),6,DEF
11,Greg,New Orleans Saints NO (DEF),6,DEF
11,Zeus,Younghoe Koo ATL (K),9,K
11,Greg,Brandon McManus GB (K),0,K
11,Zeus,Alvin Kamara NO (RB),8,Flex
11,Greg,Keenan Allen CHI (WR),4,Flex
11,Gaybo,Patrick Mahomes KC (QB),18,QB
11,Jay,Jordan Love GB (QB),21,QB
11,Gaybo,Christian McCaffrey SF (RB),8,RB1
11,Jay,Brian Robinson WAS (RB),12,RB1
11,Gaybo,Raheem Mostert MIA (RB),0,RB2
11,Jay,Rhamondre Stevenson NE (RB),8,RB2
11,Gaybo,Travis Kelce KC (TE),0,WR1
11,Jay,CeeDee Lamb DAL (WR),10,WR1
11,Gaybo,Khalil Shakir BUF (WR),7,WR2
11,Jay,Zay Flowers BAL (WR),10,WR2
11,Gaybo,Miami Dolphins MIA (DEF),9,DEF
11,Jay,Detroit Lions DET (DEF),11,DEF
11,Gaybo,Justin Tucker BAL (K),6,K
11,Jay,Jake Elliott PHI (K),4,K
11,Gaybo,Tyler Lockett SEA (WR),1,Flex
11,Jay,Josh Jacobs GB (RB),18,Flex
11,Ivo,Russell Wilson PIT (QB),6,QB
11,Monaf,C.J. Stroud HOU (QB),13,QB
11,Ivo,Kareem Hunt KC (RB),6,RB1
11,Monaf,Bijan Robinson ATL (RB),6,RB1
11,Ivo,Chase Brown CIN (RB),13,RB2
11,Monaf,James Cook BUF (RB),15,RB2
11,Ivo,Nico Collins HOU (WR),5,WR1
11,Monaf,Cedric Tillman CLE (WR),4,WR1
11,Ivo,George Kittle SF (TE),0,WR2
11,Monaf,Tank Dell HOU (WR),5,WR2
11,Ivo,New York Jets NYJ (DEF),7,DEF
11,Monaf,Los Angeles Chargers LAC (DEF),10,DEF
11,Ivo,Blake Grupe NO (K),0,K
11,Monaf,Wil Lutz DEN (K),6,K
11,Ivo,Brock Bowers LV (TE),20,Flex
11,Monaf,Rico Dowdle DAL (RB),3,Flex
12,Jay,Jordan Love GB (QB),16,QB
12,Doy,Geno Smith SEA (QB),13,QB
12,Jay,Brian Robinson WAS (RB),2,RB1
12,Doy,Kenneth Walker SEA (RB),9,RB1
12,Jay,Rhamondre Stevenson NE (RB),1,RB2
12,Doy,Jaylen Warren PIT (RB),11,RB2
12,Jay,CeeDee Lamb DAL (WR),6,WR1
12,Doy,Jayden Reed GB (WR),2,WR1
12,Jay,Zay Flowers BAL (WR),6,WR2
12,Doy,Jordan Addison MIN (WR),22,WR2
12,Jay,Detroit Lions DET (DEF),3,DEF
12,Doy,Denver Broncos DEN (DEF),16,DEF
12,Jay,Chase McLaughlin TB (K),1,K
12,Doy,Marco Manzo NVC (QB),0,K
12,Jay,Josh Jacobs GB (RB),28,Flex
12,Doy,Deebo Samuel SF (WR),2,Flex
12,Gaybo,Patrick Mahomes KC (QB),38,QB
12,Kenny,Jared Goff DET (QB),10,QB
12,Gaybo,Christian McCaffrey SF (RB),6,RB1
12,Kenny,Kyren Williams LAR (RB),13,RB1
12,Gaybo,Roschon Johnson CHI (RB),7,RB2
12,Kenny,David Montgomery DET (RB),12,RB2
12,Gaybo,Travis Kelce KC (TE),6,WR1
12,Kenny,Tyreek Hill MIA (WR),4,WR1
12,Gaybo,Michael Pittman IND (WR),9,WR2
12,Kenny,Jameson Williams DET (WR),6,WR2
12,Gaybo,Miami Dolphins MIA (DEF),17,DEF
12,Kenny,San Francisco 49ers SF (DEF),1,DEF
12,Gaybo,Justin Tucker BAL (K),3,K
12,Kenny,Chris Boswell PIT (K),4,K
12,Gaybo,Tyler Lockett SEA (WR),2,Flex
12,Kenny,Cade Otton TB (TE),3,Flex
12,Zeus,Kyler Murray ARI (QB),8,QB
12,Elaf,Bryce Young CAR (QB),18,QB
12,Zeus,Saquon Barkley PHI (RB),55,RB1
12,Elaf,De'Von Achane MIA (RB),18,RB1
12,Zeus,Joe Mixon HOU (RB),4,RB2
12,Elaf,Tyrone Tracy NYG (RB),6,RB2
12,Zeus,DK Metcalf SEA (WR),5,WR1
12,Elaf,Amon-Ra St. Brown DET (WR),6,WR1
12,Zeus,Josh Downs IND (WR),2,WR2
12,Elaf,Ladd McConkey LAC (WR),8,WR2
12,Zeus,Philadelphia Eagles PHI (DEF),13,DEF
12,Elaf,Jacksonville Jaguars JAX (DEF),0,DEF
12,Zeus,Marco Manzo NVC (QB),0,K
12,Elaf,Ka'imi Fairbairn HOU (K),7,K
12,Zeus,DJ Moore CHI (WR),20,Flex
12,Elaf,D'Andre Swift CHI (RB),6,Flex
12,ATL,Lamar Jackson BAL (QB),27,QB
12,Greg,Jayden Daniels WAS (QB),44,QB
12,ATL,Jahmyr Gibbs DET (RB),21,RB1
12,Greg,Derrick Henry BAL (RB),14,RB1
12,ATL,Aaron Jones MIN (RB),18,RB2
12,Greg,Chuba Hubbard CAR (RB),14,RB2
12,ATL,A.J. Brown PHI (WR),16,WR1
12,Greg,Justin Jefferson MIN (WR),2,WR1
12,ATL,Jauan Jennings SF (WR),4,WR2
12,Greg,Cooper Kupp LAR (WR),14,WR2
12,ATL,Houston Texans HOU (DEF),34,DEF
12,Greg,Tampa Bay Buccaneers TB (DEF),14,DEF
12,ATL,Jason Myers SEA (K),6,K
12,Greg,Brandon McManus GB (K),6,K
12,ATL,J.K. Dobbins LAC (RB),5,Flex
12,Greg,Malik Nabers NYG (WR),6,Flex
12,Monaf,C.J. Stroud HOU (QB),25,QB
12,Marco,Justin Herbert LAC (QB),17,QB
12,Monaf,Rico Dowdle DAL (RB),9,RB1
12,Marco,Cam Akers HOU (RB),1,RB1
12,Monaf,Blake Corum LAR (RB),0,RB2
12,Marco,James Conner ARI (RB),4,RB2
12,Monaf,Marvin Harrison ARI (WR),4,WR1
12,Marco,Jerry Jeudy CLE (WR),0,WR1
12,Monaf,Tank Dell HOU (WR),7,WR2
12,Marco,Puka Nacua LAR (WR),11,WR2
12,Monaf,Los Angeles Chargers LAC (DEF),2,DEF
12,Marco,Dallas Cowboys DAL (DEF),17,DEF
12,Monaf,Wil Lutz DEN (K),21,K
12,Marco,Brandon Aubrey DAL (K),6,K
12,Monaf,Jaxon Smith-Njigba SEA (WR),14,Flex
12,Marco,Terry McLaurin WAS (WR),16,Flex
12,Ivo,Russell Wilson PIT (QB),19,QB
12,Julio,Jalen Hurts PHI (QB),12,QB
12,Ivo,Kareem Hunt KC (RB),7,RB1
12,Julio,Jonathan Taylor IND (RB),3,RB1
12,Ivo,Bucky Irving TB (RB),20,RB2
12,Julio,Tony Pollard TEN (RB),20,RB2
12,Ivo,Nico Collins HOU (WR),15,WR1
12,Julio,Mike Evans TB (WR),6,WR1
12,Ivo,Brock Bowers LV (TE),3,WR2
12,Julio,George Pickens PIT (WR),4,WR2
12,Ivo,New York Jets NYJ (DEF),0,DEF
12,Julio,Minnesota Vikings MIN (DEF),9,DEF
12,Ivo,Blake Grupe NO (K),0,K
12,Julio,Wil Lutz DEN (K),21,K
12,Ivo,Jakobi Meyers LV (WR),12,Flex
12,Julio,Austin Ekeler WAS (RB),2,Flex
13,Jay,Jordan Love GB (QB),23,QB
13,Kenny,Jared Goff DET (QB),21,QB
13,Jay,Josh Jacobs GB (RB),17,RB1
13,Kenny,Kyren Williams LAR (RB),16,RB1
13,Jay,Rhamondre Stevenson NE (RB),9,RB2
13,Kenny,David Montgomery DET (RB),11,RB2
13,Jay,CeeDee Lamb DAL (WR),3,WR1
13,Kenny,Tyreek Hill MIA (WR),15,WR1
13,Jay,Zay Flowers BAL (WR),7,WR2
13,Kenny,Courtland Sutton DEN (WR),10,WR2
13,Jay,Detroit Lions DET (DEF),10,DEF
13,Kenny,New England Patriots NE (DEF),6,DEF
13,Jay,Chase McLaughlin TB (K),11,K
13,Kenny,Cameron Dicker LAC (K),12,K
13,Jay,Brian Robinson WAS (RB),20,Flex
13,Kenny,Nick Chubb CLE (RB),10,Flex
13,Ivo,Matthew Stafford LAR (QB),15,QB
13,Doy,Kirk Cousins ATL (QB),2,QB
13,Ivo,Chase Brown CIN (RB),16,RB1
13,Doy,Breece Hall NYJ (RB),8,RB1
13,Ivo,Bucky Irving TB (RB),24,RB2
13,Doy,Kenneth Walker SEA (RB),4,RB2
13,Ivo,Nico Collins HOU (WR),11,WR1
13,Doy,Davante Adams LV (WR),12,WR1
13,Ivo,Brock Bowers LV (TE),23,WR2
13,Doy,Jordan Addison MIN (WR),5,WR2
13,Ivo,Cincinnati Bengals CIN (DEF),13,DEF
13,Doy,Denver Broncos DEN (DEF),38,DEF
13,Ivo,Blake Grupe NO (K),12,K
13,Doy,Chris Boswell PIT (K),12,K
13,Ivo,George Kittle SF (TE),0,Flex
13,Doy,Jayden Reed GB (WR),17,Flex
13,Monaf,C.J. Stroud HOU (QB),17,QB
13,Elaf,Joe Burrow CIN (QB),28,QB
13,Monaf,Bijan Robinson ATL (RB),19,RB1
13,Elaf,De'Von Achane MIA (RB),13,RB1
13,Monaf,Rico Dowdle DAL (RB),18,RB2
13,Elaf,Tyrone Tracy NYG (RB),12,RB2
13,Monaf,Jaxon Smith-Njigba SEA (WR),7,WR1
13,Elaf,Amon-Ra St. Brown DET (WR),7,WR1
13,Monaf,Tank Dell HOU (WR),2,WR2
13,Elaf,Tee Higgins CIN (WR),12,WR2
13,Monaf,Los Angeles Chargers LAC (DEF),26,DEF
13,Elaf,Jacksonville Jaguars JAX (DEF),4,DEF
13,Monaf,Evan McPherson CIN (K),3,K
13,Elaf,Ka'imi Fairbairn HOU (K),10,K
13,Monaf,James Cook BUF (RB),23,Flex
13,Elaf,Isiah Pacheco KC (RB),4,Flex
13,Gaybo,Patrick Mahomes KC (QB),25,QB
13,Marco,Justin Herbert LAC (QB),5,QB
13,Gaybo,Christian McCaffrey SF (RB),6,RB1
13,Marco,Najee Harris PIT (RB),19,RB1
13,Gaybo,Gus Edwards LAC (RB),3,RB2
13,Marco,James Conner ARI (RB),7,RB2
13,Gaybo,Travis Kelce KC (TE),6,WR1
13,Marco,Ja'Marr Chase CIN (WR),14,WR1
13,Gaybo,Michael Pittman IND (WR),4,WR2
13,Marco,Puka Nacua LAR (WR),11,WR2
13,Gaybo,Buffalo Bills BUF (DEF),14,DEF
13,Marco,Dallas Cowboys DAL (DEF),0,DEF
13,Gaybo,Justin Tucker BAL (K),9,K
13,Marco,Brandon Aubrey DAL (K),0,K
13,Gaybo,Khalil Shakir BUF (WR),3,Flex
13,Marco,Terry McLaurin WAS (WR),14,Flex
13,Greg,Josh Allen BUF (QB),28,QB
13,Julio,Baker Mayfield TB (QB),11,QB
13,Greg,Derrick Henry BAL (RB),10,RB1
13,Julio,Jonathan Taylor IND (RB),15,RB1
13,Greg,Chuba Hubbard CAR (RB),4,RB2
13,Julio,Tony Pollard TEN (RB),6,RB2
13,Greg,Justin Jefferson MIN (WR),9,WR1
13,Julio,Mike Evans TB (WR),17,WR1
13,Greg,Cooper Kupp LAR (WR),1,WR2
13,Julio,George Pickens PIT (WR),14,WR2
13,Greg,Tampa Bay Buccaneers TB (DEF),5,DEF
13,Julio,Minnesota Vikings MIN (DEF),8,DEF
13,Greg,Brandon McManus GB (K),7,K
13,Julio,Jason Sanders MIA (K),3,K
13,Greg,Malik Nabers NYG (WR),6,Flex
13,Julio,Darnell Mooney ATL (WR),2,Flex
13,ATL,Lamar Jackson BAL (QB),30,QB
13,Zeus,Sam Darnold MIN (QB),23,QB
13,ATL,Jahmyr Gibbs DET (RB),9,RB1
13,Zeus,Saquon Barkley PHI (RB),20,RB1
13,ATL,Aaron Jones MIN (RB),8,RB2
13,Zeus,Joe Mixon HOU (RB),17,RB2
13,ATL,A.J. Brown PHI (WR),6,WR1
13,Zeus,Jaylen Waddle MIA (WR),7,WR1
13,ATL,Drake London ATL (WR),8,WR2
13,Zeus,DJ Moore CHI (WR),18,WR2
13,ATL,Kansas City Chiefs KC (DEF),9,DEF
13,Zeus,Indianapolis Colts IND (DEF),11,DEF
13,ATL,Matt Gay IND (K),1,K
13,Zeus,Younghoe Koo ATL (K),4,K
13,ATL,Calvin Ridley TEN (WR),4,Flex
13,Zeus,Alvin Kamara NO (RB),11,Flex
14,Jay,Jameis Winston CLE (QB),24,QB
14,Marco,Justin Herbert LAC (QB),0,QB
14,Jay,Tyjae Spears TEN (RB),3,RB1
14,Marco,Najee Harris PIT (RB),0,RB1
14,Jay,Josh Jacobs GB (RB),24,RB2
14,Marco,James Conner ARI (RB),18,RB2
14,Jay,CeeDee Lamb DAL (WR),16,WR1
14,Marco,Ja'Marr Chase CIN (WR),33,WR1
14,Jay,DeAndre Hopkins TEN (WR),10,WR2
14,Marco,Puka Nacua LAR (WR),29,WR2
14,Jay,Detroit Lions DET (DEF),5,DEF
14,Marco,Dallas Cowboys DAL (DEF),0,DEF
14,Jay,Chase McLaughlin TB (K),0,K
14,Marco,Brandon Aubrey DAL (K),6,K
14,Jay,Xavier Legette CAR (WR),4,Flex
14,Marco,Terry McLaurin WAS (WR),0,Flex
14,Greg,Josh Allen BUF (QB),69,QB
14,Doy,Kirk Cousins ATL (QB),10,QB
14,Greg,Chuba Hubbard CAR (RB),16,RB1
14,Doy,Zach Charbonnet SEA (RB),35,RB1
14,Greg,Javonte Williams DEN (RB),0,RB2
14,Doy,Jaylen Warren PIT (RB),6,RB2
14,Greg,Justin Jefferson MIN (WR),31,WR1
14,Doy,Jayden Reed GB (WR),0,WR1
14,Greg,Cooper Kupp LAR (WR),16,WR2
14,Doy,Davante Adams LV (WR),16,WR2
14,Greg,Tampa Bay Buccaneers TB (DEF),8,DEF
14,Doy,Pittsburgh Steelers PIT (DEF),9,DEF
14,Greg,Brandon McManus GB (K),3,K
14,Doy,Chris Boswell PIT (K),15,K
14,Greg,Keenan Allen CHI (WR),3,Flex
14,Doy,Jordan Addison MIN (WR),36,Flex
14,ATL,Aaron Rodgers NYJ (QB),20,QB
14,Monaf,Will Levis TEN (QB),3,QB
14,ATL,Jahmyr Gibbs DET (RB),13,RB1
14,Monaf,Bijan Robinson ATL (RB),19,RB1
14,ATL,Aaron Jones MIN (RB),15,RB2
14,Monaf,James Cook BUF (RB),2,RB2
14,ATL,A.J. Brown PHI (WR),4,WR1
14,Monaf,Jaxon Smith-Njigba SEA (WR),15,WR1
14,ATL,Drake London ATL (WR),7,WR2
14,Monaf,Marvin Harrison ARI (WR),4,WR2
14,ATL,Kansas City Chiefs KC (DEF),6,DEF
14,Monaf,Chicago Bears CHI (DEF),2,DEF
14,ATL,Jason Myers SEA (K),7,K
14,Monaf,Will Reichard MIN (K),0,K
14,ATL,Jauan Jennings SF (WR),22,Flex
14,Monaf,Rico Dowdle DAL (RB),14,Flex
14,Ivo,Russell Wilson PIT (QB),19,QB
14,Kenny,Jared Goff DET (QB),26,QB
14,Ivo,Chase Brown CIN (RB),18,RB1
14,Kenny,Kyren Williams LAR (RB),21,RB1
14,Ivo,Bucky Irving TB (RB),1,RB2
14,Kenny,David Montgomery DET (RB),14,RB2
14,Ivo,Jakobi Meyers LV (WR),6,WR1
14,Kenny,Tyreek Hill MIA (WR),17,WR1
14,Ivo,Brock Bowers LV (TE),4,WR2
14,Kenny,Jameson Williams DET (WR),8,WR2
14,Ivo,Cincinnati Bengals CIN (DEF),12,DEF
14,Kenny,San Francisco 49ers SF (DEF),17,DEF
14,Ivo,Blake Grupe NO (K),0,K
14,Kenny,Cameron Dicker LAC (K),3,K
14,Ivo,George Kittle SF (TE),15,Flex
14,Kenny,Nick Chubb CLE (RB),4,Flex
14,Gaybo,Tua Tagovailoa MIA (QB),29,QB
14,Elaf,Joe Burrow CIN (QB),35,QB
14,Gaybo,Gus Edwards LAC (RB),9,RB1
14,Elaf,De'Von Achane MIA (RB),12,RB1
14,Gaybo,Jamaal Williams NO (RB),1,RB2
14,Elaf,Tyrone Tracy NYG (RB),13,RB2
14,Gaybo,Travis Kelce KC (TE),4,WR1
14,Elaf,Amon-Ra St. Brown DET (WR),5,WR1
14,Gaybo,Khalil Shakir BUF (WR),21,WR2
14,Elaf,Tee Higgins CIN (WR),2,WR2
14,Gaybo,Buffalo Bills BUF (DEF),-3,DEF
14,Elaf,Jacksonville Jaguars JAX (DEF),7,DEF
14,Gaybo,Matt Prater ARI (K),0,K
14,Elaf,Ka'imi Fairbairn HOU (K),0,K
14,Gaybo,Tyler Lockett SEA (WR),0,Flex
14,Elaf,Isiah Pacheco KC (RB),5,Flex
14,Julio,Baker Mayfield TB (QB),29,QB
14,Zeus,Sam Darnold MIN (QB),55,QB
14,Julio,Tony Pollard TEN (RB),12,RB1
14,Zeus,Saquon Barkley PHI (RB),15,RB1
14,Julio,Travis Etienne JAX (RB),7,RB2
14,Zeus,Alvin Kamara NO (RB),7,RB2
14,Julio,Mike Evans TB (WR),6,WR1
14,Zeus,DK Metcalf SEA (WR),4,WR1
14,Julio,DeVonta Smith PHI (WR),9,WR2
14,Zeus,DJ Moore CHI (WR),4,WR2
14,Julio,Minnesota Vikings MIN (DEF),11,DEF
14,Zeus,Philadelphia Eagles PHI (DEF),5,DEF
14,Julio,Jason Sanders MIA (K),16,K
14,Zeus,Younghoe Koo ATL (K),2,K
14,Julio,Darnell Mooney ATL (WR),14,Flex
14,Zeus,Jaylen Waddle MIA (WR),11,Flex
